rank,swap,cut,add,hands,baseline_hits,candidate_hits,baseline_rate,candidate_rate,delta,delta_ci_low,delta_ci_high,candidate_rate_ci_low,candidate_rate_ci_high,candidate_only,baseline_only,both_hits,both_misses,mcnemar_p,baseline_caps,candidate_caps,candidate_only_baseline_capped,baseline_only_candidate_capped,definitive_candidate_only,definitive_baseline_only,complete_case_hands,complete_case_candidate_only,complete_case_baseline_only,complete_case_delta,complete_case_delta_ci_low,complete_case_delta_ci_high,complete_case_mcnemar_p,candidate_cap_aware_upper,wall_seconds_sum,cpu_seconds_sum,holm_p,complete_case_holm_p,supported_positive,complete_case_supported_positive
1,Glimmervoid -> Eldritch Evolution,Glimmervoid,Eldritch Evolution,10000,3687,3772,0.3687,0.3772,0.0085,0.0053501390815437165,0.011649860918456285,0.3677491982579085,0.3867451117419295,172,87,3600,6141,1.3992342299666785e-07,546,490,58,6,114,81,9446,114,81,0.0034935422401016305,0.0005969388353672194,0.006390145644836042,0.021689171890619908,0.4262,114.58017733483575,330.25104999999996,2.938391882930025e-06,0.17106551949715673,True,False
2,Wishclaw Talisman -> Eldritch Evolution,Wishclaw Talisman,Eldritch Evolution,10000,3687,3741,0.3687,0.3741,0.0054,0.003017951016308405,0.007782048983691595,0.3646659804613481,0.38363071032838814,101,47,3640,6212,1.0683059075368144e-05,546,534,17,4,84,43,9449,84,43,0.004339083500899566,0.0020031541263714004,0.006675012875427732,0.00034695871624028363,0.4275,133.12426029262133,383.711654,0.00018161200428125845,0.004857422027363971,True,True
3,Glimmervoid -> Worldly Tutor,Glimmervoid,Worldly Tutor,10000,3687,3704,0.3687,0.3704,0.0017,-0.000980003323337274,0.004380003323337274,0.36098655472184404,0.3799129776558352,102,85,3602,6211,0.24191033044426993,546,505,43,4,59,81,9447,59,81,-0.002328781623795914,-0.004783144162521827,0.00012558091492999952,0.07555082875265655,0.4209,140.48128262604587,404.930855,1.0,0.3022033150106262,False,False
4,"Sink into Stupor -> Ragavan, Nimble Pilferer",Sink into Stupor,"Ragavan, Nimble Pilferer",10000,3687,3701,0.3687,0.3701,0.0014,-0.00041738869256636784,0.003217388692566368,0.3606882489459404,0.3796115138307612,50,36,3651,6263,0.1605784191339798,546,575,0,6,50,30,9423,50,30,0.0021224663058473947,0.0002625703894194838,0.0039823622222753055,0.03299261842647618,0.4276,129.15992016578093,372.77238500000004,1.0,0.19659455459293917,False,False
5,Rain of Filth -> Arcane Signet,Rain of Filth,Arcane Signet,10000,3687,3699,0.3687,0.3699,0.0012,-0.0009647232135256121,0.003364723213525612,0.3604893806037734,0.3794105357722766,67,55,3632,6246,0.3193082974752445,546,558,9,8,58,47,9431,58,47,0.0011663662389990457,-0.0009630396985221596,0.003295772176520251,0.3291371261661389,0.4257,135.0843476660084,390.837156,1.0,0.9874113784984166,False,False
6,Crop Rotation -> Beseech the Mirror,Crop Rotation,Beseech the Mirror,10000,3687,3695,0.3687,0.3695,0.0008,-0.0016945776067623071,0.003294577606762307,0.3600916491423041,0.37900857443244235,85,77,3610,6228,0.5824757301133328,546,405,57,2,28,75,9452,28,75,-0.004972492594159966,-0.0070745749319420966,-0.0028704102563778364,4.027763000797048e-06,0.41,107.24551066826098,308.37578699999995,1.0,7.249973401434686e-05,False,False
7,Sink into Stupor -> Phyrexian Tower,Sink into Stupor,Phyrexian Tower,10000,3687,3693,0.3687,0.3693,0.0006,-0.000892617775415075,0.0020926177754150748,0.35989278602417,0.37880759114992474,32,26,3661,6281,0.5118423084381689,546,551,4,4,28,22,9442,28,22,0.0006354585892819318,-0.0008322929276349757,0.002103210106198839,0.47988766169832786,0.4244,137.35981949977577,396.63116199999996,1.0,0.9874113784984166,False,False
8,Sink into Stupor -> Steam Vents,Sink into Stupor,Steam Vents,10000,3687,3693,0.3687,0.3693,0.0006,-0.00031922937726944016,0.00151922937726944,0.35989278602417,0.37880759114992474,14,8,3679,6299,0.28627872467041016,546,608,2,8,12,0,9389,12,0,0.0012780913835339226,0.0005554186593575323,0.002000764107710313,0.00048828125,0.4301,142.95028828899376,412.809395,1.0,0.00634765625,False,True
9,Glimmervoid -> Beseech the Mirror,Glimmervoid,Beseech the Mirror,10000,3687,3683,0.3687,0.3683,-0.0004,-0.00281639316836353,0.0020163931683635297,0.35889849658297396,0.3778026485878622,74,78,3609,6239,0.8078463096035287,546,498,32,2,42,76,9450,42,76,-0.0035978835978835977,-0.005849695226558968,-0.001346071969208227,0.0022426650517358795,0.4181,132.20661774813198,382.117642,1.0,0.024669315569094675,False,False
10,Sink into Stupor -> Plateau,Sink into Stupor,Plateau,10000,3687,3671,0.3687,0.3671,-0.0016,-0.002985548987545718,-0.0002144510124542818,0.35770540686040175,0.3765966599065239,17,33,3654,6296,0.032839137564268484,546,622,2,14,15,19,9376,15,19,-0.0004266211604095563,-0.0016454958302736938,0.0007922535094545811,0.6075913612730801,0.4293,143.11153999879025,413.46343499999995,0.3940696507712218,0.9874113784984166,False,False
11,Glimmervoid -> Grim Tutor,Glimmervoid,Grim Tutor,10000,3687,3671,0.3687,0.3671,-0.0016,-0.003984192869960232,0.0007841928699602316,0.35770540686040175,0.3765966599065239,66,82,3605,6247,0.2174455477829045,546,509,24,3,42,79,9449,42,79,-0.003915758281299609,-0.006196072858270308,-0.0016354437043289093,0.000983028497126898,0.418,108.38991845655255,311.98897800000003,1.0,0.011796341965522775,False,False
12,Crop Rotation -> Plateau,Crop Rotation,Plateau,10000,3687,3669,0.3687,0.3669,-0.0018,-0.004017165455673206,0.00041716545567320636,0.35750656469145625,0.3763956556748178,55,73,3614,6258,0.13262480132498225,546,480,18,10,37,63,9406,37,63,-0.0027641930682543057,-0.004847182175737563,-0.0006812039607710487,0.012032975725363477,0.4149,105.43781649880111,303.040268,1.0,0.1082967815282713,False,False
13,Glimmervoid -> Arcane Signet,Glimmervoid,Arcane Signet,10000,3687,3668,0.3687,0.3668,-0.0019,-0.0038693873774011036,6.938737740110339e-05,0.357407144263061,0.3762951529028871,41,60,3627,6272,0.07275700687752419,546,553,10,7,31,53,9433,31,53,-0.002332237888264603,-0.004235967303025619,-0.00042850847350358744,0.02138318993714459,0.4221,134.81416866672225,389.846073,0.7275700687752419,0.17106551949715673,False,False
14,Sink into Stupor -> Relic of Legends,Sink into Stupor,Relic of Legends,10000,3687,3666,0.3687,0.3666,-0.0021,-0.0037968794984266467,-0.00040312050157335325,0.3572083047188017,0.3760941460464947,27,48,3639,6286,0.020298406990107445,546,578,4,7,23,41,9414,23,41,-0.0019120458891013384,-0.0035771718000481953,-0.0002469199781544814,0.0327657590988232,0.4244,140.84378383122385,406.562586,0.2638792908713968,0.19659455459293917,False,False
15,Crop Rotation -> Grim Tutor,Crop Rotation,Grim Tutor,10000,3687,3663,0.3687,0.3663,-0.0024,-0.004767766288706025,-3.2233711293974676e-05,0.3569100486848709,0.3757926324794479,61,85,3602,6252,0.05660326997033366,546,414,42,5,19,80,9449,19,80,-0.006455709598899354,-0.008515458866651174,-0.004395960331147534,4.394027829089421e-10,0.4077,116.46854529273696,335.11695999999995,0.6226359696736703,9.227458441087784e-09,False,False
16,Glimmervoid -> Phyrexian Tower,Glimmervoid,Phyrexian Tower,10000,3687,3657,0.3687,0.3657,-0.003,-0.00466204483632697,-0.0013379551636730298,0.356313548441342,0.37518959352102166,21,51,3636,6292,0.0005349642016498918,546,528,7,0,14,51,9450,14,51,-0.003915343915343915,-0.005585620747592901,-0.0022450670830949293,4.47522484948754e-06,0.4185,140.64829966821708,405.372212,0.007489498823098486,7.607882244128818e-05,False,False
17,Glimmervoid -> Plateau,Glimmervoid,Plateau,10000,3687,3651,0.3687,0.3651,-0.0036,-0.0051165410517967705,-0.0020834589482032293,0.35571706397725633,0.37458653878315207,12,48,3639,6301,3.183628737933597e-06,546,605,3,12,9,36,9387,9,36,-0.0028763183125599234,-0.0042757524234897475,-0.0014768842016300995,6.57466324582856e-05,0.4256,134.9601105847396,389.61884000000003,5.7305317282804746e-05,0.000986199486874284,False,False
18,Wishclaw Talisman -> Grim Tutor,Wishclaw Talisman,Grim Tutor,10000,3687,3650,0.3687,0.365,-0.0037,-0.005125031304162248,-0.0022749686958377525,0.35561765143517754,0.37448602812490506,8,45,3642,6305,2.3683513772354559e-07,546,543,4,3,4,42,9449,4,42,-0.0040215895861995974,-0.005426079271616393,-0.002617099900782802,5.100190492157708e-09,0.4193,124.45613412628882,359.022635,4.736702754470912e-06,1.0200380984315416e-07,False,False
19,Manamorphose -> Springleaf Drum,Manamorphose,Springleaf Drum,10000,3687,3645,0.3687,0.3645,-0.0042,-0.006197083082939261,-0.002202916917060738,0.3551205953091027,0.3739834682493505,31,73,3614,6282,4.6569869697466e-05,546,533,16,19,15,54,9431,15,54,-0.004135298483723889,-0.005859574351135984,-0.0024110226163117933,2.612848003590018e-06,0.4178,108.19739662623033,314.47899900000004,0.0006985480454619901,4.9644112068210344e-05,False,False
20,Wishclaw Talisman -> Plateau,Wishclaw Talisman,Plateau,10000,3687,3633,0.3687,0.3633,-0.0054,-0.007845705228837214,-0.002954294771162786,0.3539277054270593,0.37277727972748365,51,105,3582,6262,1.838490425300744e-05,546,630,6,30,45,75,9364,45,75,-0.0032037590773173856,-0.005495699464094762,-0.0009118186905400084,0.007846593122439764,0.4263,144.0379228759557,416.14281,0.000294158468048119,0.07846593122439764,False,False
21,Crystal Vein -> Arcane Signet,Crystal Vein,Arcane Signet,10000,3687,3624,0.3687,0.3624,-0.0063,-0.00890463728042299,-0.0036953627195770106,0.35303307960399494,0.37187259674761514,57,120,3567,6256,2.503897378208568e-06,546,566,5,13,52,107,9422,52,107,-0.005837401825514753,-0.008457784024093857,-0.0032170196269356494,1.5383782558444767e-05,0.419,143.6933638341725,415.850618,4.7574050185962796e-05,0.0002461405209351163,False,False
22,Glimmervoid -> Blood Crypt,Glimmervoid,Blood Crypt,10000,3687,3600,0.3687,0.36,-0.0087,-0.010720219031770784,-0.006679780968229216,0.35064758548491903,0.36945993405887034,10,97,3590,6303,4.8165830075002e-19,546,570,4,13,6,84,9393,6,84,-0.00830405621207282,-0.010276463492498271,-0.006331648931647369,1.081216606236162e-18,0.417,134.81458741636015,389.320747,1.107814091725046e-17,2.4867981943431727e-17,False,False
23,Glimmervoid -> Badlands,Glimmervoid,Badlands,10000,3687,3599,0.3687,0.3599,-0.0088,-0.010829538683849657,-0.006770461316150343,0.3505481954237519,0.3693594009197116,10,98,3589,6303,2.651075204657039e-19,546,570,4,13,6,85,9393,6,85,-0.008410518471201958,-0.010393748825906362,-0.006427288116497554,5.782725134355012e-19,0.4169,138.23007937450893,399.97679400000004,6.362580491176894e-18,1.387854032245203e-17,False,False
24,Crystal Vein -> Paradise Mantle,Crystal Vein,Paradise Mantle,10000,3687,3576,0.3687,0.3576,-0.0111,-0.013653735297413807,-0.008546264702586194,0.348262346412278,0.3670470163236906,30,141,3546,6283,2.082326806627692e-18,546,602,6,23,24,118,9385,24,118,-0.010015982951518381,-0.012496335652686355,-0.007535630250350407,4.154432818198808e-16,0.4178,150.86510862433352,438.0902109999999,4.581118974580922e-17,9.139752200037378e-15,False,False
